RMSE,Precision, Recall, TN, FP, FN, TP, Percent Correct
0.1452740705229338,0.964385609879,0.926160206974,330014,2763,5965,2763,97.8895444434
