RMSE,Precision, Recall, TN, FP, FN, TP, Percent Correct
0.14566469346062833,0.968046383443,0.921802854561,330319,2458,6317,2458,97.8781797079
