RMSE,Precision, Recall, TN, FP, FN, TP, Percent Correct
0.4419678974774288,0.0,0.0,332777,0,80783,0,80.4664377599
0.4419678974774288,0.0,0.0,332777,0,80783,0,80.4664377599
0.18244611471908775,0.947573697357,0.87817981506,328852,3925,9841,3925,96.6713415224
0.23349885202893328,0.902804100322,0.807855613186,325751,7026,15522,7026,94.5478286101
0.275424037135706,0.820763168487,0.782540881126,318972,13805,17567,13805,92.4141599768
0.4419678974774288,0.0,0.0,332777,0,80783,0,80.4664377599
0.4419678974774288,0.0,0.0,332777,0,80783,0,80.4664377599
0.4419678974774288,0.0,0.0,332777,0,80783,0,80.4664377599
0.4419678974774288,0.0,0.0,332777,0,80783,0,80.4664377599
